homeowner_id,name,email,phone
1,John Smith,john.smith1@email.com,555-1001
2,Jane Doe,jane.doe2@email.com,555-1002
3,Michael Johnson,michael.johnson3@email.com,555-1003
4,Emily Davis,emily.davis4@email.com,555-1004
5,David Brown,david.brown5@email.com,555-1005
6,Linda Wilson,linda.wilson6@email.com,555-1006
7,James Miller,james.miller7@email.com,555-1007
8,Patricia Moore,patricia.moore8@email.com,555-1008
9,Robert Taylor,robert.taylor9@email.com,555-1009
10,Barbara Anderson,barbara.anderson10@email.com,555-1010
11,William Thomas,william.thomas11@email.com,555-1011
12,Elizabeth Jackson,elizabeth.jackson12@email.com,555-1012
13,Richard White,richard.white13@email.com,555-1013
14,Susan Harris,susan.harris14@email.com,555-1014
15,Joseph Martin,joseph.martin15@email.com,555-1015
16,Jessica Thompson,jessica.thompson16@email.com,555-1016
17,Charles Garcia,charles.garcia17@email.com,555-1017
18,Karen Martinez,karen.martinez18@email.com,555-1018
19,Thomas Robinson,thomas.robinson19@email.com,555-1019
20,Nancy Clark,nancy.clark20@email.com,555-1020
21,Christopher Rodriguez,christopher.rodriguez21@email.com,555-1021
22,Mary Lewis,mary.lewis22@email.com,555-1022
23,Daniel Lee,daniel.lee23@email.com,555-1023
24,Sandra Walker,sandra.walker24@email.com,555-1024
25,Matthew Hall,matthew.hall25@email.com,555-1025
26,Ashley Allen,ashley.allen26@email.com,555-1026
27,Anthony Young,anthony.young27@email.com,555-1027
28,Kimberly Hernandez,kimberly.hernandez28@email.com,555-1028
29,Mark King,mark.king29@email.com,555-1029
30,Donna Wright,donna.wright30@email.com,555-1030
31,Steven Lopez,steven.lopez31@email.com,555-1031
32,Michelle Hill,michelle.hill32@email.com,555-1032
33,Paul Scott,paul.scott33@email.com,555-1033
34,Laura Green,laura.green34@email.com,555-1034
35,Andrew Adams,andrew.adams35@email.com,555-1035
36,Angela Baker,angela.baker36@email.com,555-1036
37,Joshua Gonzalez,joshua.gonzalez37@email.com,555-1037
38,Melissa Nelson,melissa.nelson38@email.com,555-1038
39,Kevin Carter,kevin.carter39@email.com,555-1039
40,Deborah Mitchell,deborah.mitchell40@email.com,555-1040
41,Brian Perez,brian.perez41@email.com,555-1041
42,Amy Roberts,amy.roberts42@email.com,555-1042
43,George Turner,george.turner43@email.com,555-1043
44,Rebecca Phillips,rebecca.phillips44@email.com,555-1044
45,Edward Campbell,edward.campbell45@email.com,555-1045
46,Shirley Parker,shirley.parker46@email.com,555-1046
47,Ronald Evans,ronald.evans47@email.com,555-1047
48,Cynthia Edwards,cynthia.edwards48@email.com,555-1048
49,Jason Collins,jason.collins49@email.com,555-1049
50,Kathleen Stewart,kathleen.stewart50@email.com,555-1050
51,Steve Howkins,steven@iot.com,+2351617181
52,dHomeOwner,j@gmail.com,+974 30546085
